cohort,Average_SIP,Total_Investment,Total_Investors
2024,107422.54183205638,3491125187,4803
2025,109158.5770609319,30455243,197
